Adeloidea_Adelidae_Adelinae_Nemophora_degeerella_INShauTABRAAPEI__93	Nemophora degeerella	Adeloidea	Adelidae
Adeloidea_Prodoxidae_Tegeticula_yuccasella_Tyu4	Tegeticula yuccasella	Adeloidea	Prodoxidae
Agathiphagoidea_Agathiphagidae_Agathiphaga_queenslandensis_Aga3	Agathiphaga queenslandensis	Agathiphagoidea	Agathiphagidae
Alucitoidea_Alucitidae_Alucita_desmodactyla_ANIsrmTAAORAAPEI__215	Alucita desmodactyla	Alucitoidea	Alucitidae
Andesianoidea_Andesianidae_Andesiana_lamellata_RINSinlTEARAAPEI__62	Andesiana lamellata	Andesianoidea	Andesianidae
Bombycoidea_Bombycidae_Apatelodes_pithala_FG120036B	Apatelodes pithala	Bombycoidea	Bombycidae
Bombycoidea_Bombycidae_Bombyx_mori_BMORI	Bombyx mori	Bombycoidea	Bombycidae
Bombycoidea_Bombycidae_Colla_micacea_FG120013	Colla micacea	Bombycoidea	Bombycidae
Bombycoidea_Brahmaeidae_Brahmaea_hearseyi_RINSinlTDQRAAPEI__35	Brahmaea hearseyi	Bombycoidea	Brahmaeidae
Bombycoidea_Endromidae_Mustilizans_dierli_RINSinlTDURAAPEI__43	Mustilizans dierli	Bombycoidea	Endromidae
Bombycoidea_Eupterotidae_Eupterotinae_Eupterote_muluana_SW13020T	Eupterote muluana	Bombycoidea	Eupterotidae
Bombycoidea_Eupterotidae_Eupterotinae_Ganisa_similis_RINSinlTDMRAAPEI__136	Ganisa similis	Bombycoidea	Eupterotidae
Bombycoidea_Saturniidae_Ceratocampinae_Eacles_sp_FG120096B	Eacles sp	Bombycoidea	Saturniidae
Bombycoidea_Saturniidae_Hemileucinae_Hemileuca_maia_BuckH	Hemileuca maia	Bombycoidea	Saturniidae
Bombycoidea_Saturniidae_Oxyteninae_Therinia_lactucina_FG120016	Therinia lactucina	Bombycoidea	Saturniidae
Bombycoidea_Saturniidae_Saturniinae_Actias_luna_acti2	Actias luna	Bombycoidea	Saturniidae
Bombycoidea_Saturniidae_Saturniinae_Attacus_atlas_Attac	Attacus atlas	Bombycoidea	Saturniidae
Bombycoidea_Saturniidae_Saturniinae_Saturnia_pyri_INShkeTACRAAPEI__87	Saturnia pyri	Bombycoidea	Saturniidae
Bombycoidea_Sphingidae_Macroglossinae_Darapsa_myron_Dara	Darapsa myron	Bombycoidea	Sphingidae
Bombycoidea_Sphingidae_Macroglossinae_Enyo_lugubris_elug1	Enyo lugubris	Bombycoidea	Sphingidae
Bombycoidea_Sphingidae_Macroglossinae_Hemaris_diffinis_HEMA2	Hemaris diffinis	Bombycoidea	Sphingidae
Bombycoidea_Sphingidae_Macroglossinae_Hyles_euphorbiae_INSinlTAYRAAPEI__56	Hyles euphorbiae	Bombycoidea	Sphingidae
Bombycoidea_Sphingidae_Macroglossinae_Macroglossum_pyrrhosticta_MacrH	Macroglossum pyrrhosticta	Bombycoidea	Sphingidae
Bombycoidea_Sphingidae_Macroglossinae_Xylophanes_tersa_Xter2	Xylophanes tersa	Bombycoidea	Sphingidae
Bombycoidea_Sphingidae_Smerinthinae_Adhemarius_daphne_FG120049B	Adhemarius daphne	Bombycoidea	Sphingidae
Bombycoidea_Sphingidae_Smerinthinae_Parum_colligata_V005T	Parum colligata	Bombycoidea	Sphingidae
Bombycoidea_Sphingidae_Smerinthinae_Smerinthus_saliceti_AZ130010T	Smerinthus saliceti	Bombycoidea	Sphingidae
Bombycoidea_Sphingidae_Sphinginae_Ceratomia_undulosa_cunda3	Ceratomia undulosa	Bombycoidea	Sphingidae
Bombycoidea_Sphingidae_Sphinginae_Manduca_sexta	Manduca sexta	Bombycoidea	Sphingidae
Bombycoidea_Sphingidae_Sphinginae_Sphinx_pinastri_INShauTAZRAAPEI__20	Sphinx pinastri	Bombycoidea	Sphingidae
Calliduloidea_Callidulidae_Callidulinae_Pterodecta_felderi_INSerlTABRAAPEI__84	Pterodecta felderi	Calliduloidea	Callidulidae
Choreutoidea_Choreutidae_Choreutinae_Hemerophila_diva_Cor5	Hemerophila diva	Choreutoidea	Choreutidae
Coleoptera_Tenebrionidae_Tenebrioninae_Tribolium_castaneum_TCAST	Tribolium castaneum	Coleoptera	Tenebrionidae
Cossoidea_Cossidae_Archaeoses_polygrapha_Arc	Archaeoses polygrapha	Cossoidea	Cossidae
Cossoidea_Cossidae_Cossinae_Culama_sp_Cul2	Culama sp	Cossoidea	Cossidae
Cossoidea_Cossidae_Cossinae_Prionoxystus_robiniae_Prob2	Prionoxystus robiniae	Cossoidea	Cossidae
Cossoidea_Cossidae_Cossulinae_Spinulata_maruga_Mar	Spinulata maruga	Cossoidea	Cossidae
Cossoidea_Cossidae_Hypoptinae_Givira_mucida_Giv2	Givira mucida	Cossoidea	Cossidae
Cossoidea_Cossidae_Zeuzerinae_Morpheis_pyracmon_INSerlTAQRAAPEI__118	Morpheis pyracmon	Cossoidea	Cossidae
Cossoidea_Cossidae_Zeuzerinae_Psychonoctua_personalis_Ppr2	Psychonoctua personalis	Cossoidea	Cossidae
Diptera_Culicidae_Anophelinae_Anopheles_gambiae	Anopheles gambiae	Diptera	Culicidae
Diptera_Drosophilidae_Drosophilinae_Drosophila_melanogaster	Drosophila melanogaster	Diptera	Drosophilidae
Diptera_Tachinidae_Tachininae_Triarthria_setipennis	Triarthria setipennis	Diptera	Tachinidae
Drepanoidea_Cimeliidae_Axia_margarita_Ax	Axia margarita	Drepanoidea	Cimeliidae
Drepanoidea_Doidae_Doa_sp_Do2	Doa sp	Drepanoidea	Doidae
Drepanoidea_Drepanidae_Cyclidiinae_Cyclidia_substigmaria_Dcy	Cyclidia substigmaria	Drepanoidea	Drepanidae
Drepanoidea_Drepanidae_Drepaninae_Macrauzata_submontana_RINSinlTDPRAAPEI__34	Macrauzata submontana	Drepanoidea	Drepanidae
Drepanoidea_Drepanidae_Drepaninae_Tridrepana_flava_SW130064	Tridrepana flava	Drepanoidea	Drepanidae
Drepanoidea_Drepanidae_Thyatirinae_Pseudothyatira_cymatophoroides_Pc	Pseudothyatira cymatophoroides	Drepanoidea	Drepanidae
Drepanoidea_Drepanidae_Thyatirinae_Thyatira_batis_INSnfrTBCRAAPEI__17	Thyatira batis	Drepanoidea	Drepanidae
Eriocranioidea_Eriocraniidae_Dyseriocrania_subpurpurella_INSbusTBDRAAPEI__79	Dyseriocrania subpurpurella	Eriocranioidea	Eriocraniidae
Gelechioidea_Autostichidae_Autostichinae_Autosticha_sp_RINSinlTDTRAAPEI__41	Autosticha sp	Gelechioidea	Autostichidae
Gelechioidea_Cosmopterigidae_Cosmopteriginae_Hyposmocoma_kahamanoa_RINysjTAAABRAAPEI__215	Hyposmocoma kahamanoa	Gelechioidea	Cosmopterigidae
Gelechioidea_Depressariidae_Psilocorsis_reflexella_Psi	Psilocorsis reflexella	Gelechioidea	Depressariidae
Gelechioidea_Depressariidae_Stenomatinae_Antaeotricha_schlaegeri_Ant	Antaeotricha schlaegeri	Gelechioidea	Depressariidae
Gelechioidea_Gelechiidae_Dichomeridinae_Dichomeris_punctidiscella_Dch	Dichomeris punctidiscella	Gelechioidea	Gelechiidae
Gelechioidea_Gelechiidae_Gelechiinae_Tuta_absoluta	Tuta absoluta	Gelechioidea	Gelechiidae
Geometroidea_Epicopeiidae_Epicopeia_hainseii_Epc3	Epicopeia hainseii	Geometroidea	Epicopeiidae
Geometroidea_Geometridae_Ennominae_Biston_betularia_Bb	Biston betularia	Geometroidea	Geometridae
Geometroidea_Geometridae_Ennominae_Ectropis_obliqua	Ectropis obliqua	Geometroidea	Geometridae
Geometroidea_Geometridae_Ennominae_Macaria_distribuaria_GNV120029	Macaria distribuaria	Geometroidea	Geometridae
Geometroidea_Geometridae_Geometrinae_Chlorosea_margaretaria_Chl	Chlorosea margaretaria	Geometroidea	Geometridae
Geometroidea_Geometridae_Geometrinae_Nemoria_lixaria_GNV120032	Nemoria lixaria	Geometroidea	Geometridae
Geometroidea_Geometridae_Larentiinae_Operophtera_brumata	Operophtera brumata	Geometroidea	Geometridae
Geometroidea_Geometridae_Sterrhinae_Idaea_sp_Id	Idaea sp	Geometroidea	Geometridae
Geometroidea_Sematuridae_Sematurinae_Mania_lunus_INSerlTAWRABPEI__19	Mania lunus	Geometroidea	Sematuridae
Geometroidea_Uraniidae_Epipleminae_Calledapteryx_dryopterata_Cal	Calledapteryx dryopterata	Geometroidea	Uraniidae
Geometroidea_Uraniidae_Uraniinae_Lyssa_zampa_RINSinlTDLRAAPEI__126	Lyssa zampa	Geometroidea	Uraniidae
Gracillarioidea_Bucculatricidae_Bucculatrix_cristatella_ANIsrmTAASRAAPEI__220	Bucculatrix cristatella	Gracillarioidea	Bucculatricidae
Gracillarioidea_Gracillariidae_Acrocercopinae_Acrocercops_transecta	Acrocercops transecta	Gracillarioidea	Gracillariidae
Gracillarioidea_Gracillariidae_Gracillariinae_Caloptilia_triadicae_calo	Caloptilia triadicae	Gracillarioidea	Gracillariidae
Gracillarioidea_Gracillariidae_Lithocolletinae_Cameraria_ohridella_INSeqtTDMRAAPEI__95	Cameraria ohridella	Gracillarioidea	Gracillariidae
Gracillarioidea_Gracillariidae_Ornixolinae_Philodoria_sp_CJ260	Philodoria sp	Gracillarioidea	Gracillariidae
Gracillarioidea_Gracillariidae_Phyllocnistinae_Phyllocnistis_citrella_Pcit2	Phyllocnistis citrella	Gracillarioidea	Gracillariidae
Gracillarioidea_Roeslerstammiidae_Amphithera_heteroleuca_INSpmbTAHRAAPEI__206	Amphithera heteroleuca	Gracillarioidea	Roeslerstammiidae
Hepialoidea_Hepialidae_Cibyra_sp_FG120028B	Cibyra sp	Hepialoidea	Hepialidae
Hepialoidea_Hepialidae_Phymatopus_californicus_Phm	Phymatopus californicus	Hepialoidea	Hepialidae
Hepialoidea_Hepialidae_Triodia_sylvina_INSnfrTAVRAAPEI__9	Triodia sylvina	Hepialoidea	Hepialidae
Heterobathmioidea_Heterobathmiidae_Heterobathmia_sp_Hsp	Heterobathmia sp	Heterobathmioidea	Heterobathmiidae
Immoidea_Immidae_Imma_tetrascia_Imm	Imma tetrascia	Immoidea	Immidae
Lasiocampoidea_Lasiocampidae_Dendrolimus_pini_INSlupTBORAAPEI__36	Dendrolimus pini	Lasiocampoidea	Lasiocampidae
Lasiocampoidea_Lasiocampidae_Macromphaliinae_Artace_sp_FG120070B	Artace sp	Lasiocampoidea	Lasiocampidae
Lasiocampoidea_Lasiocampidae_Macromphaliinae_Tolype_notialis_Tol	Tolype notialis	Lasiocampoidea	Lasiocampidae
Lophocoronoidea_Lophocoronidae_Lophocorona_astipica_Loas	Lophocorona astipica	Lophocoronoidea	Lophocoronidae
Mecoptera_Bittacidae_Bittacus_pilicornis_	Bittacus pilicornis	Mecoptera	Bittacidae
Mecoptera_Boreidae_Boreus_hyemalis	Boreus hyemalis	Mecoptera	Boreidae
Micropterigoidea_Micropterigidae_Micropterix_calthella_Mica__N	Micropterix calthella	Micropterigoidea	Micropterigidae
Mimallonoidea_Mimallonidae_Lacosoma_chiridota_Mim	Lacosoma chiridota	Mimallonoidea	Mimallonidae
Mimallonoidea_Mimallonidae_Menevia_lantona_INSerlTBRRAAPEI__75	Menevia lantona	Mimallonoidea	Mimallonidae
Neopseustoidea_Acanthopteroctetidae_Acanthopteroctetes_unifascia_Aca4	Acanthopteroctetes unifascia	Neopseustoidea	Acanthopteroctetidae
Neopseustoidea_Neopseustidae_Neopseustinae_Neopseustis_meyricki_RINSinlTEERAAPEI__79	Neopseustis meyricki	Neopseustoidea	Neopseustidae
Nepticuloidea_Nepticulidae_Nepticulinae_Enteucha_acetosae_Enac2	Enteucha acetosae	Nepticuloidea	Nepticulidae
Nepticuloidea_Nepticulidae_Nepticulinae_Stigmella_atricapitella_ANIsrmTAAWRAAPEI__225	Stigmella atricapitella	Nepticuloidea	Nepticulidae
Nepticuloidea_Opostegidae_Oposteginae_Pseudopostega_cf.quadristrigella_Pqd	Pseudopostega cf.quadristrigella	Nepticuloidea	Opostegidae
Noctuoidea_Erebidae_Arctiinae_Amata_phegea_INShauTAERAAPEI__8	Amata phegea	Noctuoidea	Erebidae
Noctuoidea_Erebidae_Arctiinae_Arctia_plantaginis_ERR1466856	Arctia plantaginis	Noctuoidea	Erebidae
Noctuoidea_Erebidae_Arctiinae_Auriculoceryx_pterodactyliformis_RINSinlTDRRAAPEI__36	Auriculoceryx pterodactyliformis	Noctuoidea	Erebidae
Noctuoidea_Erebidae_Arctiinae_Melese_sp_FG120095	Melese sp	Noctuoidea	Erebidae
Noctuoidea_Erebidae_Arctiinae_Phragmatobia_fuliginosa_INShauTBDRAAPEI__31	Phragmatobia fuliginosa	Noctuoidea	Erebidae
Noctuoidea_Erebidae_Calpinae_Eudocima_salaminia_SW130232	Eudocima salaminia	Noctuoidea	Erebidae
Noctuoidea_Erebidae_Calpinae_Phyllodes_eyndhovii_RINSinlTDNRAAPEI__171	Phyllodes eyndhovii	Noctuoidea	Erebidae
Noctuoidea_Erebidae_Lymantriinae_Euproctis_chrysorrhoea	Euproctis chrysorrhoea	Noctuoidea	Erebidae
Noctuoidea_Erebidae_Lymantriinae_Lymantria_dispar_Ly3	Lymantria dispar	Noctuoidea	Erebidae
Noctuoidea_Euteliidae_Anigraea_sp_SW130103	Anigraea sp	Noctuoidea	Euteliidae
Noctuoidea_Noctuidae_Amphipyrinae_Amphipyra_pyramidea_INShauTAVRAAPEI__16	Amphipyra pyramidea	Noctuoidea	Noctuidae
Noctuoidea_Noctuidae_Amphipyrinae_Sesamia_inferens	Sesamia inferens	Noctuoidea	Noctuidae
Noctuoidea_Noctuidae_Heliothinae_Helicoverpa_zea_Hz2	Helicoverpa zea	Noctuoidea	Noctuidae
Noctuoidea_Noctuidae_Heliothinae_Heliothis_virescens_Hv	Heliothis virescens	Noctuoidea	Noctuidae
Noctuoidea_Noctuidae_Noctuinae_Agrotis_infusa_WHANIsrmTMATRAAPEI__46	Agrotis infusa	Noctuoidea	Noctuidae
Noctuoidea_Noctuidae_Noctuinae_Mythimna_separata	Mythimna separata	Noctuoidea	Noctuidae
Noctuoidea_Noctuidae_Noctuinae_Spodoptera_exigua_Noctuoidea	Spodoptera exigua	Noctuoidea	Noctuidae
Noctuoidea_Noctuidae_Noctuinae_Spodoptera_frugiperda	Spodoptera frugiperda	Noctuoidea	Noctuidae
Noctuoidea_Noctuidae_Noctuinae_Striacosta_albicosta_Striacosta	Striacosta albicosta	Noctuoidea	Noctuidae
Noctuoidea_Nolidae_Nolinae_Manoba_major_SW130224	Manoba major	Noctuoidea	Nolidae
Noctuoidea_Notodontidae_Notodontinae_Pheosia_gnoma_INSqiqTBHRAAPEI__71	Pheosia gnoma	Noctuoidea	Notodontidae
Noctuoidea_Notodontidae_Nystaleinae_Notoplusia_minuta_FG120015	Notoplusia minuta	Noctuoidea	Notodontidae
Palaephatoidea_Palaephatidae_Metaphatus_ochraceus_Met4	Metaphatus ochraceus	Palaephatoidea	Palaephatidae
Palaephatoidea_Palaephatidae_Palaephatus_luteolus_Pal	Palaephatus luteolus	Palaephatoidea	Palaephatidae
Palaephatoidea_Palaephatidae_Palaephatus_nielseni_Pro43D	Palaephatus nielseni	Palaephatoidea	Palaephatidae
Palaephatoidea_Palaephatidae_Ptyssoptera_sp_Ptys	Ptyssoptera sp	Palaephatoidea	Palaephatidae
Papilionoidea_Hedylidae_Macrosoma_hedylaria_FG120122	Macrosoma hedylaria	Papilionoidea	Hedylidae
Papilionoidea_Hedylidae_Macrosoma_sp_RINSinlTEBRAAPEI__71	Macrosoma sp	Papilionoidea	Hedylidae
Papilionoidea_Hesperiidae_Eudamiinae_Urbanus_proteus_INSerlTBFRAAPEI__36	Urbanus proteus	Papilionoidea	Hesperiidae
Papilionoidea_Hesperiidae_Hesperiinae_Hylephila_phyleus_GNV120020	Hylephila phyleus	Papilionoidea	Hesperiidae
Papilionoidea_Hesperiidae_Hesperiinae_Lerema_accius	Lerema accius	Papilionoidea	Hesperiidae
Papilionoidea_Hesperiidae_Hesperiinae_Thymelicus_sylvestris	Thymelicus sylvestris	Papilionoidea	Hesperiidae
Papilionoidea_Hesperiidae_Megathyminae_Megathymus_yuccae_GNV139000	Megathymus yuccae	Papilionoidea	Hesperiidae
Papilionoidea_Lycaenidae_Polyommatinae_Hemiargus_ceraunus_GNV120025	Hemiargus ceraunus	Papilionoidea	Lycaenidae
Papilionoidea_Lycaenidae_Polyommatinae_Polyommatus_icarus_INShauTBGRAAPEI__35	Polyommatus icarus	Papilionoidea	Lycaenidae
Papilionoidea_Lycaenidae_Theclinae_Calycopis_cecrops_Papilionoidea	Calycopis cecrops	Papilionoidea	Lycaenidae
Papilionoidea_Lycaenidae_Theclinae_Cigaritis_takanonis_Papilionoidea	Cigaritis takanonis	Papilionoidea	Lycaenidae
Papilionoidea_Nymphalidae_Danainae_Danaus_plexippus_DPLEX	Danaus plexippus	Papilionoidea	Nymphalidae
Papilionoidea_Nymphalidae_Heliconiinae_Heliconius_melpomene_Papilionoidea	Heliconius melpomene	Papilionoidea	Nymphalidae
Papilionoidea_Nymphalidae_Nymphalinae_Junonia_coenia	Junonia coenia	Papilionoidea	Nymphalidae
Papilionoidea_Nymphalidae_Nymphalinae_Melitaea_cinxia	Melitaea cinxia	Papilionoidea	Nymphalidae
Papilionoidea_Nymphalidae_Nymphalinae_Polygonia_c*album_INSfrgTAJRAAPEI__20	Polygonia c*album	Papilionoidea	Nymphalidae
Papilionoidea_Nymphalidae_Satyrinae_Bicyclus_anynana_INShkeTATRAAPEI__56	Bicyclus anynana	Papilionoidea	Nymphalidae
Papilionoidea_Nymphalidae_Satyrinae_Maniola_jurtina	Maniola jurtina	Papilionoidea	Nymphalidae
Papilionoidea_Nymphalidae_Satyrinae_Pararge_aegeria_INSfrgTADRAAPEI__22	Pararge aegeria	Papilionoidea	Nymphalidae
Papilionoidea_Papilionidae_Papilioninae_Papilio_glaucus_SRR850324	Papilio glaucus	Papilionoidea	Papilionidae
Papilionoidea_Papilionidae_Papilioninae_Papilio_machaon_Papilionoidea	Papilio machaon	Papilionoidea	Papilionidae
Papilionoidea_Papilionidae_Papilioninae_Parides_eurimedes_INSjdsTAJRAAPEI__36	Parides eurimedes	Papilionoidea	Papilionidae
Papilionoidea_Papilionidae_Parnassiinae_Luehdorfia_chinensis	Luehdorfia chinensis	Papilionoidea	Papilionidae
Papilionoidea_Pieridae_Coliadinae_Colias_croceus_INShkeTBFRAAPEI__79	Colias croceus	Papilionoidea	Pieridae
Papilionoidea_Pieridae_Coliadinae_Phoebis_sennae	Phoebis sennae	Papilionoidea	Pieridae
Papilionoidea_Pieridae_Pierinae_Anthocharis_cardamines_INSnfrTAYRAAPEI__13	Anthocharis cardamines	Papilionoidea	Pieridae
Papilionoidea_Pieridae_Pierinae_Ascia_monuste_BRF140001	Ascia monuste	Papilionoidea	Pieridae
Papilionoidea_Pieridae_Pierinae_Hebomoia_glaucippe_BRF140003	Hebomoia glaucippe	Papilionoidea	Pieridae
Papilionoidea_Riodinidae_Riodininae_Mycastor_nealces_INSerlTBMRAAPEI__57	Mycastor nealces	Papilionoidea	Riodinidae
Papilionoidea_Riodinidae_Riodininae_Semomesia_capanea_FG120077	Semomesia capanea	Papilionoidea	Riodinidae
Pterophoroidea_Pterophoridae_Pterophorinae_Emmelina_monodactyla_Emm	Emmelina monodactyla	Pterophoroidea	Pterophoridae
Pterophoroidea_Pterophoridae_Pterophorinae_Lantanophaga_pusillidactyla_GNV120027	Lantanophaga pusillidactyla	Pterophoroidea	Pterophoridae
Pterophoroidea_Pterophoridae_Pterophorinae_Pterophorus_pentadactyla_INSlupTBTRAAPEI__44	Pterophorus pentadactyla	Pterophoroidea	Pterophoridae
Pyraloidea_Crambidae_Crambinae_Catoptria_falsella_INSlupTAXRAAPEI__11	Catoptria falsella	Pyraloidea	Crambidae
Pyraloidea_Crambidae_Crambinae_Catoptria_oregonicus_Cr4	Catoptria oregonicus	Pyraloidea	Crambidae
Pyraloidea_Crambidae_Crambinae_Chilo_suppressalis	Chilo suppressalis	Pyraloidea	Crambidae
Pyraloidea_Crambidae_Crambinae_Myelobia_sp_FG120071B	Myelobia sp	Pyraloidea	Crambidae
Pyraloidea_Crambidae_Spilomelinae_Cirrhochrista_sp_RINSinlTDSRAAPEI__37	Cirrhochrista sp	Pyraloidea	Crambidae
Pyraloidea_Crambidae_Spilomelinae_Cnaphalocrocis_medinalis_SRR64791	Cnaphalocrocis medinalis	Pyraloidea	Crambidae
Pyraloidea_Pyralidae_Amyelois_transitella_Pyraloidea	Amyelois transitella	Pyraloidea	Pyralidae
Pyraloidea_Pyralidae_Galleriinae_Galleria_melonella_Gal	Galleria melonella	Pyraloidea	Pyralidae
Pyraloidea_Pyralidae_Phycitinae_Plodia_interpunctella	Plodia interpunctella	Pyraloidea	Pyralidae
Pyraloidea_Pyralidae_Spilomelinae_Spilomela_sp_INSerlTAIRAAPEI__75	Spilomela sp	Pyraloidea	Pyralidae
Sesioidea_Castniidae_Castniinae_Synemon_plana_Cul	Synemon plana	Sesioidea	Castniidae
Sesioidea_Castniidae_Castniinae_Telchin_licus_SRR1204999	Telchin licus	Sesioidea	Castniidae
Sesioidea_Sesiidae_Sesiinae_Bembecia_ichneumoniformis_INSlupTBGRAAPEI__20	Bembecia ichneumoniformis	Sesioidea	Sesiidae
Sesioidea_Sesiidae_Sesiinae_Podosesia_syringae_Podo	Podosesia syringae	Sesioidea	Sesiidae
Sesioidea_Sesiidae_Sesiinae_Vitacea_polistiformis_Vit	Vitacea polistiformis	Sesioidea	Sesiidae
Siphonaptera_Ceratophyllidae_Ceratophyllinae_Ceratophyllus_gallinae	Ceratophyllus gallinae	Siphonaptera	Ceratophyllidae
Siphonaptera_Pulicidae_Archaeopsyllini_Ctenocephalides_felis	Ctenocephalides felis	Siphonaptera	Pulicidae
Thyridoidea_Thyrididae_Canaea_sp_RINSinlTDVRAAPEI__44	Canaea sp	Thyridoidea	Thyrididae
Thyridoidea_Thyrididae_Pseudothyris_sepulchralis_GNV139006	Pseudothyris sepulchralis	Thyridoidea	Thyrididae
Thyridoidea_Thyrididae_Siculodinae_Zeuzerodes_maculata_FG120079	Zeuzerodes maculata	Thyridoidea	Thyrididae
Thyridoidea_Thyrididae_Striglinae_Striglina_suzukii_Ssk	Striglina suzukii	Thyridoidea	Thyrididae
Tineoidea_Dryadaulidae_Dryadaula_visaliella_Dry	Dryadaula visaliella	Tineoidea	Dryadaulidae
Tineoidea_Meessiidae_Meessiinae_Eudarcia_simulatricella_Euds	Eudarcia simulatricella	Tineoidea	Meessiidae
Tineoidea_Psychidae_Oiketicinae_Thyridopteryx_ephemeraeformis_Tep2	Thyridopteryx ephemeraeformis	Tineoidea	Psychidae
Tineoidea_Tineidae_Harmacloninae_Harmaclona_sp_RINSinlTDYRAAPEI__57	Harmaclona sp	Tineoidea	Tineidae
Tineoidea_Tineidae_Tineinae_Tineola_bisselliella_INSswpTACRAAPEI__13	Tineola bisselliella	Tineoidea	Tineidae
Tischerioidea_Tischeriidae_Coptotriche_citrinipennella_INSpmbTAIRAAPEI__207	Coptotriche citrinipennella	Tischerioidea	Tischeriidae
Tischerioidea_Tischeriidae_Tischeria_quercitella_Ts2	Tischeria quercitella	Tischerioidea	Tischeriidae
Tortricoidea_Tortricidae_Olethreutinae_Cydia_pomonella_Cyd	Cydia pomonella	Tortricoidea	Tortricidae
Tortricoidea_Tortricidae_Olethreutinae_Grapholita_dimorpha_SRR803483	Grapholita dimorpha	Tortricoidea	Tortricidae
Tortricoidea_Tortricidae_Olethreutinae_Phaecasiophora_niveiguttana_Cro	Phaecasiophora niveiguttana	Tortricoidea	Tortricidae
Trichoptera_Helicopsychidae_Helicopsyche_borealis	Helicopsyche borealis	Trichoptera	Helicopsychidae
Trichoptera_Hydropsychidae_Arctopsychinae_Arctopsyche_palpata	Arctopsyche palpata	Trichoptera	Hydropsychidae
Trichoptera_Hydroptilidae_Ptilocolepinae_Palaeagapetus_nearcticus_RINSramTAARAAPEI__209_zz	Palaeagapetus nearcticus	Trichoptera	Hydroptilidae
Trichoptera_Leptoceridae_Leptocerinae_Nectopsyche_candida	Nectopsyche candida	Trichoptera	Leptoceridae
Trichoptera_Philopotamidae_Philopotaminae_Philopotamus_ludificatus_Philopotamus	Philopotamus ludificatus	Trichoptera	Philopotamidae
Trichoptera_Phryganeidae_Phryganeinae_Ptilostomis_semifasciata	Ptilostomis semifasciata	Trichoptera	Phryganeidae
Trichoptera_Polycentropodidae_Polycentropodinae_Plectrocnemia_sp	Plectrocnemia sp	Trichoptera	Polycentropodidae
Trichoptera_Psychomyiidae_Psychomyiinae_Psychomyia_flavida	Psychomyia flavida	Trichoptera	Psychomyiidae
Trichoptera_Stenopsychidae_Stenopsychodes_sp	Stenopsychodes sp	Trichoptera	Stenopsychidae
Urodoidea_Urodidae_Urodus_decens_Ur2	Urodus decens	Urodoidea	Urodidae
Yponomeutoidea_Lyonetiidae_Cemiostominae_Leucoptera_coffeella_RINysjTAAAARAAPEI__214	Leucoptera coffeella	Yponomeutoidea	Lyonetiidae
Yponomeutoidea_Plutellidae_Plutella_xylostella	Plutella xylostella	Yponomeutoidea	Plutellidae
Yponomeutoidea_Yponomeutidae_Yponomeutinae_Yponomeuta_evonymellus_INShauTBFRAAPEI__34	Yponomeuta evonymellus	Yponomeutoidea	Yponomeutidae
Zygaenoidea_Dalceridae_Dalcerinae_Dalcera_abrasa_FG120035	Dalcera abrasa	Zygaenoidea	Dalceridae
Zygaenoidea_Lacturidae_Lactura_subfervens_Sub	Lactura subfervens	Zygaenoidea	Lacturidae
Zygaenoidea_Limacodidae_Demonarosa_rufotessellata_RINSinlTDXRAAPEI__56	Demonarosa rufotessellata	Zygaenoidea	Limacodidae
Zygaenoidea_Megalopygidae_Megalopyge_crispata_Lag	Megalopyge crispata	Zygaenoidea	Megalopygidae
Zygaenoidea_Megalopygidae_Trosia_sp_INSerlTAFRAAPEI__62	Trosia sp	Zygaenoidea	Megalopygidae
Zygaenoidea_Zygaenidae_Zygaeninae_Zygaena_fausta_INSjdsTAWRAAPEI__39	Zygaena fausta	Zygaenoidea	Zygaenidae
